{"f1_score": 0.5557957599460978, "accuracy": 0.5617782367852784}