{"f1_score": 0.556728974670357, "accuracy": 0.562670171814853}