{"f1_score": 0.7382727606167663, "accuracy": 0.7390385879260163}