{"f1_score": 0.7534985746266406, "accuracy": 0.7539198197352361}