{"f1_score": 0.9089185939035795, "accuracy": 0.9093981785747817}