{"f1_score": 0.9012967663167007, "accuracy": 0.9017463149000093}