{"f1_score": 0.8890341190130434, "accuracy": 0.8897286639752136}