{"f1_score": 0.8806203113054508, "accuracy": 0.8813256971176415}